{"cameraMode":{"drawMode":0,"name":"Shaded","section":"Shading Mode"},"sceneLighting":false,"audioPlay":false,"sceneViewState":{"m_AlwaysRefresh":false,"showFog":true,"showSkybox":false,"showFlares":true,"showImageEffects":true,"showParticleSystems":true,"showVisualEffectGraphs":true,"m_FxEnabled":true},"in2DMode":false,"pivot":{"x":52.36906433105469,"y":283.77288818359377,"z":-41.94586181640625},"rotation":{"x":0.10000372678041458,"y":0.019994398579001428,"z":0.0020127277821302416,"w":-0.9947953820228577},"size":139.78158569335938,"orthographic":false}